#Title,Width,Height,Item-Type
Bring Out Yer Dead,292,80,boardgame
Oceanos,302,75,boardgame
Adventureland,310,68,boardgame
New York 1901,300,73,boardgame
Istanbul Dice,192,66,boardgame
Secret of Monte Cristo,297,73,boardgame
Trolhalla,297, 73,boardgame
North Wind,297,73,boardgame
Sanssouci,297, 73,boardgame
Asara,297, 73,boardgame
Meadow,297, 75,boardgame
Orongo,297, 73,boardgame
Aquileia,297,73,boardgame
Manila,295,73,boardgame
Castle for All Seasons,297,73,boardgame
Mangrovia,297,73,boardgame
Robits,112,32,boardgame
Cash n Guns (2ed),276, 58,boardgame
Inkognito,295,73,boardgame
Rondo,297,73,boardgame
Order of the Gilded Compass,213,75,boardgame
#Port Nigra,298,88,boardgame
Magic Dominaria,297,70,boardgame
Camel Up,300,73,boardgame
The Golden City,298,73,boardgame
Downforce,295,42,boardgame,highlight
Africana (French),298,73,boardgame
Cleopatra and the Society of Architects,297,73,boardgame
Ticket to Ride Europe,297,73,boardgame
Five Tribes,297,73,boardgame
Aquarium,154,37,boardgame
Blueprints,154,37,boardgame
Traders of Osaka,154,37,boardgame
More Cash n' More Guns,140,56,boardgame
Team Spirit,140,56,boardgame
Colossal Arena (2004),200,40,boardgame
Fangs,130,40,boardgame
The Crew: The Quest for Planet Nine,130,40,boardgame
CoB: Card Game,112,36,boardgame
CoB: Dice Game,112,36,boardgame
Atlas: Enchanted Lands,130,40,boardgame
Fungi,130,40,boardgame
Fleet,130,40,boardgame
Artsee,150,52,boardgame
Truffle Shuffle,145,47,boardgame
Through the Desert (1ed),255,52,boardgame
Shinobi Wat-Aah!,257,70,boardgame
Infiltration,255,52,boardgame
Rune Age,255,52,boardgame
Bob Ross: The Art of Chill,267,52,boardgame
Battle Sheep,265,62,boardgame
Discoveries: The Journals of Lewis and Clark,276,57,boardgame
Transamerica,270,68,boardgame
Gravwell (2ed),242,78,boardgame
King of New York,255,70,boardgame
Modern Art (cmon ed),255,52,boardgame
Kingdoms,255,52,boardgame
Red November,255,50,boardgame
LotR (FF ed),255,52,boardgame
Gateway Uprising,255,52,boardgame
Zhan Guo,297,73,boardgame
Subdivision,297,73,boardgame
A Study In Emerald,297,73,boardgame
Mombasa,297,73,boardgame
Key to the Kingdom,295,70,boardgame
Steam Time,297,73,boardgame
Around the World in 80 Days,297,73,boardgame
Mercado,297,73,boardgame
Kindomino Duel,110,40,boardgame
Biblios,138,42,boardgame
Pyramids,138,42,boardgame
Fox in Forest,114,32,boardgame
Fox in Forest Duet,114,32,boardgame
Ankh'or,130,40,boardgame
7 Wonders Duel,205,52,boardgame
Boomtown,200,52,boardgame
Point Salad,145,48,boardgame
Tiny Epic Galaxies Blast Off!,120,40,boardgame
Targi,204,48,boardgame
Spynet,116,34,boardgame
Mystic Market,160,54,boardgame
Under Falling Skies,185,58,boardgame
Crypt,80,36,boardgame
Ciub,190,68,boardgame
Nightfall,200,82,boardgame
Nightfall: The Coldest War,200,82,boardgame
Nightfall: Martial Law,200,82,boardgame
Starfighter,190,60,boardgame
Citadels (small),104,37,boardgame
Colossal Arena (2007),104,37,boardgame
Jaipur (1ed),104,37,boardgame
TSCHAK!,104,37,boardgame
Kill the Overlord,110,42,boardgame
Secrets,104,37,boardgame
Air Land and Sea: Critters at War,114,40,boardgame
Seven7s,110,33,boardgame
Red 7,108,22,boardgame
Pocket Mars,100,30,boardgame
BANG! Dice: Old Saloon,90,33,boardgame
Fairy Tile,206,60,boardgame
Pickomino,202,52,boardgame
Aton,192,74,boardgame
Arena: Roma II,192,74,boardgame
Blokus Duo,207,43,boardgame
Jambo,202,32,boardgame
Morels,204,32,boardgame
Monster Expedition,202,52,boardgame
Lost Cities (1ed),200,33,boardgame
Watergate,202,48,boardgame
Prowler's Passage,230,52,boardgame
VivaJava Dice,223,52,boardgame
Piece o' Cake,166,59,boardgame
Ninja Taisen,100,40,boardgame
Lords of Rock,128,40,boardgame
Lanterns Dice,145,50,boardgame
Kanagawa Yokai,97,62,boardgame
Warp's Edge,185,75,boardgame
Settlers of Catan,239,78,boardgame
Tash Kalar,232,74,boardgame
Dice Town,227,76,boardgame
Steam: Rails to Riches,238,78,boardgame
Matcha,112,52,boardgame
Cubirds,158,46,boardgame
High Society (new),132,25,boardgame
Word on the Street,214,70,boardgame
Majesty For the Realm,190,65,boardgame
World's Fair 1893,210,58,boardgame
Floating Market,224,52,boardgame
Le Fantom De L'Opera,224,65,boardgame
Pandemic Iberia,223,45,boardgame
DC DBG: Forever Evil,206,80,boardgame
DC Deck Building Game,206,80,boardgame
DC DBG: Heroes Unite,206,80,boardgame
Cornwall,192,67,boardgame
Atlandice,220,53,boardgame
Carcassone,192,68,boardgame
Carcasson Neues Land,192,68,boardgame
Cacao,192,68,boardgame
Giza: The Great Pyramid,192,70,boardgame
San Juan (2ed),192,55,boardgame
Saint Malo,192,55,boardgame
Las Vegas,192,55,boardgame
Konja,180,63,boardgame
Balderdash,201,55,boardgame
Costa Rica (#1),192,62,boardgame
Costa Rica (#2),192,62,boardgame
Five Points Gangs of New York,192,62,boardgame
Codenames,162,53,,boardgame
Orbis,214,63,boardgame
Nuns on the Run,192,68,boardgame
Downfall of Pompeii,192,68,boardgame
Alchemist,192,68,boardgame
Kitara,238,73,boardgame
Cave Troll,198,68,boardgame
The Speicherstadt,192,68,boardgame
Loop Inc, 234,51,boardgame
Tournay,238,48,boardgame
#Pantheon (German),227,93,boardgame
Wizard's Brew,230,65,boardgame
#Stone Age,227,94,,boardgame
The Wizard Always Wins,204,66,boardgame
Istanbul,227,73,boardgame
Troyes,227,73,boardgame
Doge Ship,222,60,boardgame
Taj Mahal,227,73,boardgame
Road to Canterbury,227,73,boardgame
Tempus,225,73,boardgame
Firenze,227,73,boardgame
El Gaucho,227,52,boardgame
Il Vecchio,225,69,boardgame
Downtown,126,44,boardgame
Colt Super Express,140,43,boardgame
Friday,132,43,boardgame
Rune Age Oath & Anvil,128,38,boardgame
Bottle Imp,129,40,boardgame
Nefertiti Expansion,128,38,boardgame
Deja Vu,128,55,boardgame
La Granja No Siesta,128,55,boardgame
Trickster Champions of Time,128,65,boardgame
Star Cartel,156,37,boardgame
Lords of Vegas UP!,162,47,boardgame
Space Alert: The New Frontier,162,52,boardgame
High Society: Travel,64,27,boardgame
Wormholes,240,73,boardgame
Vale of Eternity,225,63,boardgame
Broom Service,112,36,boardgame
Exploding Minions,145,64,boardgame
Decrypto,160,51,boardgame
Letter Jam,162,53,boardgame
Lancaster New Laws,168,33,boardgame
Thebes Tomb Raiders,190,74,boardgame
Hanamikoji,113,32,boardgame
School of Sorcery,146,48,boardgame
Corinth,202,38,boardgame
Wild Space,201,57,boardgame
Rajas: Dice Charmers,201,47,boardgame
Kanagawa,206,63,boardgame
Pandemic: Rapid Response,224,48,boardgame
#Nefertiti,234,54,boardgame
Olympus,296,71,boardgame
Black Gold,296,71,boardgame
#Gears of War,296,102,boardgame
Fury of Dracula (FFed),296,74,boardgame
#Ventura,296,102,boardgame
Netrunner LCG,296,72,boardgame
Star Wars LCG,296,72,boardgame
Constantinopolis,296,72,boardgame
Wiz-War(FF),296,72,boardgame
Zombie Tsunami,207,56,boardgame
Merchants of Araby,213,57,boardgame
Rolling Realms,205,55,boardgame
Power Grid Card Game,203,48,boardgame
Glasgow,203,48,boardgame,highlight
Pandemic: The Cure,225,58,boardgame
Viva Java (big),223,68,boardgame
Dark Minions,223,44,boardgame
Broom Service,220,68,boardgame
Fifth Avenue,220,68,boardgame
Bora Bora,220,68,boardgame
Puerto Rico,220,68,boardgame
Camel Up Cards,132,43,boardgame
Longboard,130,41,boardgame
Lanterns: Emperor's Gifts,126,40,boardgame
Bang! The Dice Game,137,34,boardgame
Lanterns: The Harvest Festival,184,54,boardgame
Lewis & Clark: The Expedition,295,73,boardgame
Lucidity: Six-Sided Nightmares,150,51,boardgame
Leaders of Euphoria: Choose,161,53,boardgame
Trieste,151,43,boardgame
Bohnanza,162,32,boardgame
How To Rob a Bank,152,53,boardgame
Money,158,52,boardgame
Avalon,151,46,boardgame
Zoolorette: Dice,133,42,boardgame
Cat Tower,120,71,boardgame
Decrypto: Laserdrive,126,43,boardgame
Star Wars: Empire VS Rebellion,125,40,boardgame
Ghost Blitz,132,43,boardgame
DeckScape: Test Time,91,25,boardgame
DeckScape: Fate of London,91,25,boardgame
DeckScape: Heist in Venice,91,25,boardgame
DeckScape: Mystery El Dorado,91,25,boardgame
DeckScape: Behind the Curtain,91,25,boardgame
Archaeology,96,20,boardgame
Oh My Goods!,101,23,boardgame
Illusion,101,23,boardgame
Mottainnai,135,38,boardgame
Skull King,105,35,boardgame
Mottainnai Wutai,107,22,boardgame
Ravenous River,100,36,boardgame
Dairyman,103,36,boardgame
Thief's Market,103,36,boardgame
Mutant Crops,108,52,boardgame
Are you the Traitor?,95,27,boardgame
Bohnanza Duel,92,32,boardgame
Oh My Goods Longsdale,91,18,boardgame
Ravnica Inquisition,121,40,boardgame
A Fool's Fortune,130,43,boardgame
Jump Drive,138,68,boardgame
Figaro,138,68,boardgame
Glass Road,227,63,boardgame
Ginkopolis,226,73,boardgame
AquaSphere,227,73,boardgame
Hansa Tetuonica (1ed),227,53,boardgame
Lost Cities Rivals,130,40,boardgame
Ishtar Gardens,295,75,boardgame
Castles of Burgundy,220,68,boardgame
#Catan Junior,270,80,boardgame
#Thanos Rising,280,78,boardgame
Arcana (revised),255,53,boardgame
Terraforming Mars: Ares Exp,202,92,boardgame,highlight
City of Gears,305,80,boardgame
Nauticus,297,73,boardgame,highlight
Alma Mater,297,73,boardgame,highlight
Warband,300,70,boardgame
Merchants Dark Rd,297,73,boardgame
Pakal,255,57,boardgame
Maharani,297,63,boardgame
#Lancaster,297,83,boardgame
Mammut,297,63,boardgame
Show Manager,297,83,boardgame
Alhambra,297,63,boardgame
Fresco Exp, 297,63,boardgame
Fresco, 297,82,boardgame,highlight
World Monuments,297,83,boardgame
#Lost Legends,297,83,boardgame
#Urbanization,297,83,boardgame
#Queen's Architect,297,83,boardgame
#Kairo,297,83,boardgame
Glux,297,63,boardgame
#Castle Ravenloft,312,120,boardgame
#Legend of Drizzt,312,120,boardgame
Dark Crystal,303,73,boardgame
Lords of Vegas,297,73,boardgame
Ghost Fightin Treasure Hunters,297,75,boardgame
Rocketville,268,66,boardgame
7 Wonders,287,80,boardgame
Era Expansion, 297,73,boardgame
#Era, 298,100,boardgame
Forbidden Sky,295,70,boardgame
#Clank In Space, 310,94,boardgame
White Castle,180,63,boardgame
NightFall: Blood country,100,83,boardgame
Scrabble Upwords (orange),268,53,boardgame
Stratego Space Marine,270,52,boardgame
Trains & Stations,303,55,boardgame,highlight
Valdora,297,73,boardgame,highlight
king's gate,200,42,boardgame
Cthulhu Realms,104,34,boargame
Wonderland,112,32,boardgame
#---------------------------
helios,229,74,boardgame
Lancelot,220,70,boardgame
GTRome,177,46,boardgame
San Juan 1st ed,185,41,boardgame
Nations Dice,190,66,boardgame
Haleakala,234,54,boardgame
#---------------------------
Yspahan,227,73,boardgame,highlight
Livingstone,227,73,boardgame,highlight
the game of 49,245,53,boardgame
DND 5e Player's Handbook,20,285,book
DND 5e Dungeon Master's Guide,20,285,book
DND 5e Monster Manual,20,285,book
MTG Art #1,40,295,binder
MTG Art #2,40,295,binder
MTG Art #3,40,295,binder
MTG Art #4,40,295,binder
Marvel Cards #1,32,295,binder
Marvel Cards #2,32,295,binder
Marvel Cards #3,32,295,binder
Marvel Cards #4,32,295,binder
Marvel Cards #5,32,295,binder